Estimated EPS,Actual EPS
0.20454545454545447,0.19780219780219777
